{"cameraMode":{"drawMode":0,"name":"Shaded","section":"Shading Mode"},"sceneLighting":true,"audioPlay":false,"sceneViewState":{"showFog":true,"showMaterialUpdate":true,"showSkybox":true,"showFlares":true,"showImageEffects":true,"showParticleSystems":true,"showVisualEffectGraphs":true,"m_FxEnabled":true},"in2DMode":false,"pivot":{"x":160.83554077148438,"y":137.951416015625,"z":1221.2042236328125},"rotation":{"x":-0.050189267843961719,"y":0.8481397032737732,"z":0.08166934549808502,"w":0.5211349129676819},"size":112.39159393310547,"orthographic":false}