{"cameraMode":{"drawMode":0,"name":"Shaded","section":"Shading Mode"},"sceneLighting":true,"audioPlay":false,"sceneViewState":{"showFog":true,"showMaterialUpdate":true,"showSkybox":true,"showFlares":true,"showImageEffects":true,"showParticleSystems":true,"showVisualEffectGraphs":true,"m_FxEnabled":false},"in2DMode":false,"pivot":{"x":44.489662170410159,"y":1.4200482368469239,"z":-2164.062744140625},"rotation":{"x":0.01969762146472931,"y":0.943356454372406,"z":-0.32628902792930605,"w":0.056953348219394687},"size":0.3798554539680481,"orthographic":false}